{
    "manufacturer": "ergohaven",
    "keyboard_name": "k:02",
    "maintainer": "ergohaven",
    "bootloader": "rp2040",
    "diode_direction": "COL2ROW",
    "features": {
        "bootmagic": true,
        "rgblight": true,
        "extrakey": true,
        "mousekey": true,
        "nkro": true
    },
    "matrix_pins": {
        "cols": ["GP15", "GP14", "GP13", "GP12", "GP11", "GP10"],
        "rows": ["GP16", "GP17", "GP18", "GP19", "GP20"]
    },
    "rgblight": {
        "led_count": 58,
        "split": true,
        "split_count": [29, 29],
        "sleep": true,
        "max_brightness": 125
    },
    "ws2812": { "pin": "GP22" },
    "processor": "RP2040",
    "url": "https://ergohaven.xyz",
    "usb": {
        "vid": "0xFEED",
        "pid": "0x9918",
        "device_version": "1.0.0"
    },
    "layouts": {
        "LAYOUT": {
            "layout": [

                {"matrix": [0, 0], "x": 0, "y": 0.5, "label": "Esc"},
                {"matrix": [0, 1], "x": 1, "y": 0.3, "label": "1"},
                {"matrix": [0, 2], "x": 2, "y": 0.15, "label": "2"},
                {"matrix": [0, 3], "x": 3, "y": 0, "label": "3"},
                {"matrix": [0, 4], "x": 4, "y": 0.15, "label": "4"},
                {"matrix": [0, 5], "x": 5, "y": 0.3, "label": "5"},

                {"matrix": [5, 0], "x": 9.25, "y": 0.3, "label": "6"},
                {"matrix": [5, 1], "x": 10.25, "y": 0.15, "label": "7"},
                {"matrix": [5, 2], "x": 11.25, "y": 0, "label": "8"},
                {"matrix": [5, 3], "x": 12.25, "y": 0.15, "label": "9"},
                {"matrix": [5, 4], "x": 13.25, "y": 0.3, "label": "0"},
                {"matrix": [5, 5], "x": 14.25, "y": 0.5, "label": "-"},

                {"matrix": [1, 0], "x": 0, "y": 1.5, "label": "Tab"},
                {"matrix": [1, 1], "x": 1, "y": 1.3, "label": "Q"},
                {"matrix": [1, 2], "x": 2, "y": 1.15, "label": "W"},
                {"matrix": [1, 3], "x": 3, "y": 1, "label": "E"},
                {"matrix": [1, 4], "x": 4, "y": 1.15, "label": "R"},
                {"matrix": [1, 5], "x": 5, "y": 1.3, "label": "T"},

                {"matrix": [6, 0], "x": 9.25, "y": 1.3, "label": "Y"},
                {"matrix": [6, 1], "x": 10.25, "y": 1.15, "label": "U"},
                {"matrix": [6, 2], "x": 11.25, "y": 1, "label": "I"},
                {"matrix": [6, 3], "x": 12.25, "y": 1.15, "label": "O"},
                {"matrix": [6, 4], "x": 13.25, "y": 1.3, "label": "P"},
                {"matrix": [6, 5], "x": 14.25, "y": 1.5, "label": "="},

                {"matrix": [2, 0], "x": 0, "y": 2.5, "label": "Shift"},
                {"matrix": [2, 1], "x": 1, "y": 2.3, "label": "A"},
                {"matrix": [2, 2], "x": 2, "y": 2.15, "label": "S"},
                {"matrix": [2, 3], "x": 3, "y": 2, "label": "D"},
                {"matrix": [2, 4], "x": 4, "y": 2.15, "label": "F"},
                {"matrix": [2, 5], "x": 5, "y": 2.3, "label": "G"},

                {"matrix": [7, 0], "x": 9.25, "y": 2.3, "label": "H"},
                {"matrix": [7, 1], "x": 10.25, "y": 2.15, "label": "J"},
                {"matrix": [7, 2], "x": 11.25, "y": 2, "label": "K"},
                {"matrix": [7, 3], "x": 12.25, "y": 2.15, "label": "L"},
                {"matrix": [7, 4], "x": 13.25, "y": 2.3, "label": ";"},
                {"matrix": [7, 5], "x": 14.25, "y": 2.5, "label": "'"},

                {"matrix": [3, 0], "x": 0, "y": 3.5, "label": "Ctrl"},
                {"matrix": [3, 1], "x": 1, "y": 3.3, "label": "Z"},
                {"matrix": [3, 2], "x": 2, "y": 3.15, "label": "X"},
                {"matrix": [3, 3], "x": 3, "y": 3, "label": "C"},
                {"matrix": [3, 4], "x": 4, "y": 3.15, "label": "V"},
                {"matrix": [3, 5], "x": 5, "y": 3.3, "label": "B"},

                {"matrix": [8, 0], "x": 9.25, "y": 3.3, "label": "N"},
                {"matrix": [8, 1], "x": 10.25, "y": 3.15, "label": "M"},
                {"matrix": [8, 2], "x": 11.25, "y": 3, "label": ","},
                {"matrix": [8, 3], "x": 12.25, "y": 3.15, "label": "."},
                {"matrix": [8, 4], "x": 13.25, "y": 3.3, "label": "/"},
                {"matrix": [8, 5], "x": 14.25, "y": 3.5, "label": "\\"},

                {"matrix": [4, 1], "x": 2, "y": 4.15, "label": "`"},
                {"matrix": [4, 2], "x": 3, "y": 4, "label": "Super"},
                {"matrix": [4, 3], "x": 4, "y": 4.25, "label": "Alt"},
                {"matrix": [4, 4], "x": 5, "y": 4.4, "label": "Lower"},
                {"matrix": [4, 5], "x": 6, "y": 4.8, "label": "Space"},

                {"matrix": [9, 0], "x": 8.25, "y": 4.8, "label": "Enter"},
                {"matrix": [9, 1], "x": 9.25, "y": 4.4, "label": "Raise"},
                {"matrix": [9, 2], "x": 10.25, "y": 4.25, "label": "BSPC"},
                {"matrix": [9, 3], "x": 11.25, "y": 4, "label": "["},
                {"matrix": [9, 4], "x": 12.25, "y": 4.15, "label": "]"}
            ]
        }
    }
}
